iPhone 6S,9 490  ₽,м. Марьина Роща,https://www.avito.ru/moskva/telefony/iphone_6s_1189756890
iPhone 6,11 000  ₽,м. Савеловская,https://www.avito.ru/moskva/telefony/iphone_6_1424766641
iPhone 6S,13 500  ₽,м. Савеловская,https://www.avito.ru/moskva/telefony/iphone_6s_1473916118
iPhone 6,8 990  ₽,м. Марьина Роща,https://www.avito.ru/moskva/telefony/iphone_6_1061363004
iPhone 6,8 490  ₽,м. Охотный ряд,https://www.avito.ru/moskva/telefony/iphone_6_1010036614
iPhone 6S,10 899  ₽,м. Дубровка,https://www.avito.ru/moskva/telefony/iphone_6s_691627416
iPhone 6,8 500  ₽,м. Киевская,https://www.avito.ru/moskva/telefony/iphone_6_901243375
iPhone 6S,10 000  ₽,м. Киевская,https://www.avito.ru/moskva/telefony/iphone_6s_898414837
iPhone 6s,9 900  ₽,м. Савеловская,https://www.avito.ru/moskva/telefony/iphone_6s_1640622215
iPhone 6S,10 890  ₽,м. Дубровка,https://www.avito.ru/moskva/telefony/iphone_6s_657920606
iPhone 6S,10 000  ₽,м. Киевская,https://www.avito.ru/moskva/telefony/iphone_6s_132193
iPhone 6,8 500  ₽,м. Арбатская,https://www.avito.ru/moskva/telefony/iphone_6_1022142393
iPhone 6,11 990  ₽,м. Дубровка,https://www.avito.ru/moskva/telefony/iphone_6_1348729782
iPhone 6,8 000  ₽,м. Новокосино,https://www.avito.ru/moskva/telefony/iphone_6_1529638699
iPhone 6,8 500  ₽,м. Парк культуры,https://www.avito.ru/moskva/telefony/iphone_6_1289112269
iPhone 6s,17 990  ₽,м. Дубровка,https://www.avito.ru/moskva/telefony/iphone_6s_1653279117
iPhone 6s,17 990  ₽,м. Дубровка,https://www.avito.ru/moskva/telefony/iphone_6s_1279964638
iPhone 6,13 990  ₽,м. Дубровка,https://www.avito.ru/moskva/telefony/iphone_6_1048638018
iPhone 6s,9 000  ₽,м. Тверская,https://www.avito.ru/moskva/telefony/iphone_6s_1207785241
iPhone 6S,9 790  ₽,м. Савеловская,https://www.avito.ru/moskva/telefony/iphone_6s_863938541
iPhone 6,8 300  ₽,м. Площадь революции,https://www.avito.ru/moskva/telefony/iphone_6_1500767923
iPhone 6,8 490  ₽,м. Савеловская,https://www.avito.ru/moskva/telefony/iphone_6_566487047
iPhone 6,8 490  ₽,м. Дубровка,https://www.avito.ru/moskva/telefony/iphone_6_415603383
iPhone 6s,15 990  ₽,м. Дубровка,https://www.avito.ru/moskva/telefony/iphone_6s_1294092656
iPhone 6S+,19 200  ₽,м. Марьина Роща,https://www.avito.ru/moskva/telefony/iphone_6s_1575990069
iPhone 6,13 990  ₽,м. Дубровка,https://www.avito.ru/moskva/telefony/iphone_6_1701104694
iPhone 6s,17 990  ₽,м. Дубровка,https://www.avito.ru/moskva/telefony/iphone_6s_1514302158
iPhone 6S,15 200  ₽,м. Авиамоторная,https://www.avito.ru/moskva/telefony/iphone_6s_1557659620
iPhone 6,11 000  ₽,Зеленоград,https://www.avito.ru/moskva_zelenograd/telefony/iphone_6_1558386691?slocation=637640
iPhone 6,8 950  ₽,м. Братиславская,https://www.avito.ru/moskva/telefony/iphone_6_1401758385
iPhone 6S,10 000  ₽,м. Арбатская,https://www.avito.ru/moskva/telefony/iphone_6s_1223654600
iPhone 6s,9 490  ₽,м. Курская,https://www.avito.ru/moskva/telefony/iphone_6s_1298136968
iPhone 6,11 990  ₽,м. Дубровка,https://www.avito.ru/moskva/telefony/iphone_6_1498187043
iPhone 6S,15 000  ₽,м. Павелецкая,https://www.avito.ru/moskva/telefony/iphone_6s_996345946
iPhone 6S,15 000  ₽,м. Первомайская,https://www.avito.ru/moskva/telefony/iphone_6s_1277922699
iPhone 6,8 500  ₽,м. Арбатская,https://www.avito.ru/moskva/telefony/iphone_6_1255644824
iPhone 6s,14 990  ₽,м. Дубровка,https://www.avito.ru/moskva/telefony/iphone_6s_1583468602
iPhone 6+,12 000  ₽,м. Первомайская,https://www.avito.ru/moskva/telefony/iphone_6_989512297
iPhone 6s,15 990  ₽,м. Дубровка,https://www.avito.ru/moskva/telefony/iphone_6s_1282684006
iPhone 6,14 990  ₽,м. Дубровка,https://www.avito.ru/moskva/telefony/iphone_6_1716459726
iPhone 6s,15 900  ₽,м. Юго-Западная,https://www.avito.ru/moskva/telefony/iphone_6s_1658094529
iPhone 6s,1 750  ₽,Москва,https://www.avito.ru/moskva/telefony/iphone_6s_1506087810
iPhone 6s,9 300  ₽,м. Савеловская,https://www.avito.ru/moskva/telefony/iphone_6s_1698133045
iPhone 6,8 000  ₽,м. Савеловская,https://www.avito.ru/moskva/telefony/iphone_6_1270144598
iPhone 6s,9 300  ₽,м. Савеловская,https://www.avito.ru/moskva/telefony/iphone_6s_1452889758
iPhone 6,11 990  ₽,м. Дубровка,https://www.avito.ru/moskva/telefony/iphone_6_1540681806
iPhone 6S,14 950  ₽,м. Савеловская,https://www.avito.ru/moskva/telefony/iphone_6s_1338083163
iPhone 6,12 150  ₽,м. Савеловская,https://www.avito.ru/moskva/telefony/iphone_6_1653897483
iPhone 6s,14 000  ₽,м. Первомайская,https://www.avito.ru/moskva/telefony/iphone_6s_1374311577
iPhone 6S,8 900  ₽,м. Маяковская,https://www.avito.ru/moskva/telefony/iphone_6s_1013928741
iPhone 6S,10 000  ₽,м. Киевская,https://www.avito.ru/moskva/telefony/iphone_6s_898414837
iPhone 6S,10 890  ₽,м. Дубровка,https://www.avito.ru/moskva/telefony/iphone_6s_657920606
iPhone 6,8 490  ₽,м. Охотный ряд,https://www.avito.ru/moskva/telefony/iphone_6_1010036614
iPhone 6S,9 390  ₽,м. Савеловская,https://www.avito.ru/moskva/telefony/iphone_6s_1186732467
iPhone 6,12 000  ₽,м. Парк культуры,https://www.avito.ru/moskva/telefony/iphone_6_962667702
iPhone 6s,15 990  ₽,м. Дубровка,https://www.avito.ru/moskva/telefony/iphone_6s_1240527809
iPhone 6,13 000  ₽,м. Библиотека им. Ленина,https://www.avito.ru/moskva/telefony/iphone_6_1573682863
iPhone 6,13 990  ₽,м. Дубровка,https://www.avito.ru/moskva/telefony/iphone_6_1452694189
iPhone 6s,13 990  ₽,м. Дубровка,https://www.avito.ru/moskva/telefony/iphone_6s_1669967799
iPhone 6,8 000  ₽,м. Первомайская,https://www.avito.ru/moskva/telefony/iphone_6_1260311086
iPhone 6,10 000  ₽,м. Бунинская аллея,https://www.avito.ru/moskva/telefony/iphone_6_1598764612
iPhone 6,14 990  ₽,м. Дубровка,https://www.avito.ru/moskva/telefony/iphone_6_1227130353
iPhone 6,9 999  ₽,м. Домодедовская,https://www.avito.ru/moskva/telefony/iphone_6_1143221629
iPhone 6,4 999  ₽,м. Южная,https://www.avito.ru/moskva/telefony/iphone_6_1529992967
"iPhone 6S, 6 plus, 6S plus",14 490  ₽,м. Дубровка,https://www.avito.ru/moskva/telefony/iphone_6s_6_plus_6s_plus_1672599825
iPhone 6s,10 000  ₽,м. Площадь революции,https://www.avito.ru/moskva/telefony/iphone_6s_1151468385
iPhone 6s,13 990  ₽,м. Дубровка,https://www.avito.ru/moskva/telefony/iphone_6s_1477538838
iPhone 6,8 190  ₽,м. Курская,https://www.avito.ru/moskva/telefony/iphone_6_1253139882
iPhone 6s,15 990  ₽,м. Дубровка,https://www.avito.ru/moskva/telefony/iphone_6s_1547791179
iPhone 6,14 990  ₽,м. Дубровка,https://www.avito.ru/moskva/telefony/iphone_6_1657639668
iPhone 6s,13 990  ₽,м. Дубровка,https://www.avito.ru/moskva/telefony/iphone_6s_1330629115
iPhone 6+,12 000  ₽,м. Щелковская,https://www.avito.ru/moskva/telefony/iphone_6_1245908133
iPhone 6s,17 990  ₽,м. Дубровка,https://www.avito.ru/moskva/telefony/iphone_6s_1264013324
iPhone 6s,10 000  ₽,м. Марксистская,https://www.avito.ru/moskva/telefony/iphone_6s_1079284628
iPhone 6s,13 990  ₽,м. Дубровка,https://www.avito.ru/moskva/telefony/iphone_6s_1233445012
iPhone 6,11 990  ₽,м. Дубровка,https://www.avito.ru/moskva/telefony/iphone_6_1282750231
iPhone 6,11 990  ₽,м. Дубровка,https://www.avito.ru/moskva/telefony/iphone_6_1638811916
iPhone 6S Plus,18 500  ₽,м. Савеловская,https://www.avito.ru/moskva/telefony/iphone_6s_plus_1219732611
iPhone 6/64,13 000  ₽,м. Орехово,https://www.avito.ru/moskva/telefony/iphone_664_1194189873
iPhone 6s,14 990  ₽,м. Дубровка,https://www.avito.ru/moskva/telefony/iphone_6s_1381726355
iPhone 6s,13 500  ₽,м. Щелковская,https://www.avito.ru/moskva/telefony/iphone_6s_1525891451
iPhone 6S+,15 000  ₽,м. Первомайская,https://www.avito.ru/moskva/telefony/iphone_6s_1329613888
iPhone 6,14 990  ₽,м. Дубровка,https://www.avito.ru/moskva/telefony/iphone_6_1669237400
iPhone 6s,14 990  ₽,м. Дубровка,https://www.avito.ru/moskva/telefony/iphone_6s_1243589486
iPhone 6 Plus,14 800  ₽,м. Савеловская,https://www.avito.ru/moskva/telefony/iphone_6_plus_1545169221
iPhone 6,8 000  ₽,м. Дубровка,https://www.avito.ru/moskva/telefony/iphone_6_886638488
iPhone 6s,15 990  ₽,м. Дубровка,https://www.avito.ru/moskva/telefony/iphone_6s_1443996852
iPhone 6s,12 600  ₽,м. Братиславская,https://www.avito.ru/moskva/telefony/iphone_6s_1117583962
iPhone 6s,15 990  ₽,м. Дубровка,https://www.avito.ru/moskva/telefony/iphone_6s_1678908859
iPhone 6+,12 500  ₽,м. Новопеределкино,https://www.avito.ru/moskva/telefony/iphone_6_1245596740
iPhone 6,10 000  ₽,м. Волоколамская,https://www.avito.ru/moskva/telefony/iphone_6_979445973
iPhone 6s,14 990  ₽,м. Дубровка,https://www.avito.ru/moskva/telefony/iphone_6s_1695240833
iPhone 6s,13 990  ₽,м. Дубровка,https://www.avito.ru/moskva/telefony/iphone_6s_1503950185
iPhone 6S,9 900  ₽,м. Чкаловская,https://www.avito.ru/moskva/telefony/iphone_6s_1432551300
iPhone 6,10 000  ₽,м. Нагатинская,https://www.avito.ru/moskva/telefony/iphone_6_1279842764
iPhone 6,8 500  ₽,м. Беговая,https://www.avito.ru/moskva/telefony/iphone_6_1114296449
iPhone 6S,15 000  ₽,м. Авиамоторная,https://www.avito.ru/moskva/telefony/iphone_6s_1710504391
iPhone 6s,15 990  ₽,м. Дубровка,https://www.avito.ru/moskva/telefony/iphone_6s_1225866045
iPhone 6,13 990  ₽,м. Дубровка,https://www.avito.ru/moskva/telefony/iphone_6_1358667611
iPhone 6s,15 000  ₽,м. Сокольники,https://www.avito.ru/moskva/telefony/iphone_6s_930094186
iPhone 6,13 000  ₽,м. Киевская,https://www.avito.ru/moskva/telefony/iphone_6_1254974637
iPhone 6,10 890  ₽,м. Чистые пруды,https://www.avito.ru/moskva/telefony/iphone_6_1699080356
iPhone 6s,11 490  ₽,м. Пушкинская,https://www.avito.ru/moskva/telefony/iphone_6s_1258397198
iPhone 6s,9 000  ₽,м. Тверская,https://www.avito.ru/moskva/telefony/iphone_6s_1207785241
iPhone 6,8 300  ₽,м. Площадь революции,https://www.avito.ru/moskva/telefony/iphone_6_1500767923
iPhone 6S,9 790  ₽,м. Савеловская,https://www.avito.ru/moskva/telefony/iphone_6s_863938541
iPhone 6,8 490  ₽,м. Савеловская,https://www.avito.ru/moskva/telefony/iphone_6_566487047
iPhone 6,9 000  ₽,м. Бибирево,https://www.avito.ru/moskva/telefony/iphone_6_1574269749
iPhone 6s,16 000  ₽,м. Калужская,https://www.avito.ru/moskva/telefony/iphone_6s_1463449438
iPhone 6s,15 000  ₽,м. Кузьминки,https://www.avito.ru/moskva/telefony/iphone_6s_1280279711
iPhone 6s,16 000  ₽,м. Таганская,https://www.avito.ru/moskva/telefony/iphone_6s_1489187642
iPhone 6s,9 990  ₽,м. Курская,https://www.avito.ru/moskva/telefony/iphone_6s_1207984678
iPhone 6s,10 000  ₽,м. Перово,https://www.avito.ru/moskva/telefony/iphone_6s_1547472382
iPhone 6s,9 990  ₽,м. Курская,https://www.avito.ru/moskva/telefony/iphone_6s_1604017742
iPhone 6,11 290  ₽,м. Курская,https://www.avito.ru/moskva/telefony/iphone_6_1478379222
iPhone 6,9 500  ₽,м. Новогиреево,https://www.avito.ru/moskva/telefony/iphone_6_1326854518
iPhone 6,10 800  ₽,м. ВДНХ,https://www.avito.ru/moskva/telefony/iphone_6_1332076105
iPhone 6,6 000  ₽,Зеленоград,https://www.avito.ru/moskva_zelenograd/telefony/iphone_6_1420038221?slocation=637640
iPhone 6,10 500  ₽,м. Юго-Западная,https://www.avito.ru/moskva/telefony/iphone_6_1569908649
iPhone 6,14 990  ₽,м. Дубровка,https://www.avito.ru/moskva/telefony/iphone_6_1385191976
iPhone 6s,14 190  ₽,м. Курская,https://www.avito.ru/moskva/telefony/iphone_6s_940928403
iPhone 6,13 990  ₽,м. Дубровка,https://www.avito.ru/moskva/telefony/iphone_6_928324051
iPhone 6,9 400  ₽,м. Речной вокзал,https://www.avito.ru/moskva/telefony/iphone_6_1568755197
iPhone 6,9 000  ₽,м. Юго-Западная,https://www.avito.ru/moskva/telefony/iphone_6_1525489126
iPhone 6,13 990  ₽,м. Дубровка,https://www.avito.ru/moskva/telefony/iphone_6_1059233258
iPhone 6s,20 000  ₽,м. Щелковская,https://www.avito.ru/moskva/telefony/iphone_6s_1650203032
iPhone 6,14 990  ₽,м. Дубровка,https://www.avito.ru/moskva/telefony/iphone_6_1194773365
iPhone 6s,17 500  ₽,м. Молодежная,https://www.avito.ru/moskva/telefony/iphone_6s_1312697917
iPhone 6,17 000  ₽,м. Пионерская,https://www.avito.ru/moskva/telefony/iphone_6_1277356492
iPhone 6s,11 000  ₽,м. Авиамоторная,https://www.avito.ru/moskva/telefony/iphone_6s_987930199
iPhone 6,8 990  ₽,м. Курская,https://www.avito.ru/moskva/telefony/iphone_6_1665351970
iPhone 6,5 500  ₽,Зеленоград,https://www.avito.ru/moskva_zelenograd/telefony/iphone_6_1417408291?slocation=637640
iPhone 6s,17 990  ₽,м. Дубровка,https://www.avito.ru/moskva/telefony/iphone_6s_1286643221
iPhone 6,11 990  ₽,м. Дубровка,https://www.avito.ru/moskva/telefony/iphone_6_1297869092
iPhone 6s,9 499  ₽,м. Охотный ряд,https://www.avito.ru/moskva/telefony/iphone_6s_1550128529
iPhone 6s,14 500  ₽,м. Речной вокзал,https://www.avito.ru/moskva/telefony/iphone_6s_1211958825
iPhone 6s,13 500  ₽,м. Первомайская,https://www.avito.ru/moskva/telefony/iphone_6s_1531106530
iPhone 6s,14 000  ₽,м. Ботанический сад,https://www.avito.ru/moskva/telefony/iphone_6s_1410114626
iPhone 6,11 000  ₽,м. Молодежная,https://www.avito.ru/moskva/telefony/iphone_6_1371659583
iPhone 6S,14 900  ₽,м. Савеловская,https://www.avito.ru/moskva/telefony/iphone_6s_1705152585
iPhone 6,12 100  ₽,м. Савеловская,https://www.avito.ru/moskva/telefony/iphone_6_1458390842
iPhone 6,9 200  ₽,м. Аннино,https://www.avito.ru/moskva/telefony/iphone_6_1140012688
iPhone 6s,2 500  ₽,м. Петровско-Разумовская,https://www.avito.ru/moskva/telefony/iphone_6s_793514609
iPhone 6,15 000  ₽,м. Комсомольская,https://www.avito.ru/moskva/telefony/iphone_6_1521363690
iPhone 6,9 000  ₽,м. Коломенская,https://www.avito.ru/moskva/telefony/iphone_6_1659167368
iPhone 6,9 000  ₽,м. Тульская,https://www.avito.ru/moskva/telefony/iphone_6_1578486580
iPhone 6+,12 000  ₽,м. Первомайская,https://www.avito.ru/moskva/telefony/iphone_6_1230006851
iPhone 6,11 000  ₽,м. Кунцевская,https://www.avito.ru/moskva/telefony/iphone_6_1049769985
iPhone 6s,14 000  ₽,м. Щелковская,https://www.avito.ru/moskva/telefony/iphone_6s_1229371113
iPhone 6,12 000  ₽,м. Алтуфьево,https://www.avito.ru/moskva/telefony/iphone_6_1414239265
iPhone 6,8 000  ₽,м. Славянский бульвар,https://www.avito.ru/moskva/telefony/iphone_6_1484076786
iPhone 6s Plus-16gb Space Gray. Без отпечатка,11 500  ₽,м. Проспект Мира,https://www.avito.ru/moskva/telefony/iphone_6s_plus-16gb_space_gray._bez_otpechatka_995552540
iPhone 6,14 000  ₽,м. Профсоюзная,https://www.avito.ru/moskva/telefony/iphone_6_1471525521
iPhone 6s,15 000  ₽,м. Новогиреево,https://www.avito.ru/moskva/telefony/iphone_6s_1284091989
iPhone 6s,3 000  ₽,м. Фили,https://www.avito.ru/moskva/telefony/iphone_6s_980186493
iPhone 6s,3 000  ₽,м. Фили,https://www.avito.ru/moskva/telefony/iphone_6s_1410789761
iPhone 6s,3 000  ₽,м. Фили,https://www.avito.ru/moskva/telefony/iphone_6s_1349985771
iPhone 6,8 490  ₽,м. Дубровка,https://www.avito.ru/moskva/telefony/iphone_6_415603383
iPhone 6s,9 490  ₽,м. Курская,https://www.avito.ru/moskva/telefony/iphone_6s_1298136968
iPhone 6,8 500  ₽,м. Арбатская,https://www.avito.ru/moskva/telefony/iphone_6_1255644824
iPhone 6s,9 300  ₽,м. Савеловская,https://www.avito.ru/moskva/telefony/iphone_6s_1698133045
iPhone 6s,3 000  ₽,м. Фили,https://www.avito.ru/moskva/telefony/iphone_6s_1448445931
iPhone 6,10 000  ₽,м. Митино,https://www.avito.ru/moskva/telefony/iphone_6_1712360365
iPhone 6s,10 900  ₽,м. Савеловская,https://www.avito.ru/moskva/telefony/iphone_6s_1713248901
iPhone 6s,3 000  ₽,м. Фили,https://www.avito.ru/moskva/telefony/iphone_6s_1054761133
iPhone 6 Plus/6S Plus,13 449  ₽,м. Савеловская,https://www.avito.ru/moskva/telefony/iphone_6_plus6s_plus_1034894858
iPhone 6s,10 900  ₽,м. Савеловская,https://www.avito.ru/moskva/telefony/iphone_6s_1444263578
iPhone 6s,10 900  ₽,м. Савеловская,https://www.avito.ru/moskva/telefony/iphone_6s_1543511368
iPhone 6s,10 900  ₽,м. Савеловская,https://www.avito.ru/moskva/telefony/iphone_6s_1676576815
iPhone 6s,3 000  ₽,м. Фили,https://www.avito.ru/moskva/telefony/iphone_6s_1511723038
iPhone 6s,3 000  ₽,м. Фили,https://www.avito.ru/moskva/telefony/iphone_6s_1371318698
iPhone 6s,3 000  ₽,м. Фили,https://www.avito.ru/moskva/telefony/iphone_6s_1704125865
Айфон 6,10 000  ₽,м. ВДНХ,https://www.avito.ru/moskva/telefony/ayfon_6_1475943326
iPhone 6s,3 000  ₽,м. Фили,https://www.avito.ru/moskva/telefony/iphone_6s_1530472805
iPhone 6s,15 000  ₽,м. Бауманская,https://www.avito.ru/moskva/telefony/iphone_6s_1520101618
iPhone 6s,12 990  ₽,м. Курская,https://www.avito.ru/moskva/telefony/iphone_6s_1556229752
iPhone 6S,17 000  ₽,м. Ясенево,https://www.avito.ru/moskva/telefony/iphone_6s_1208794715
iPhone 6s,19 500  ₽,м. Речной вокзал,https://www.avito.ru/moskva/telefony/iphone_6s_1237047237
Айфон 6s,24 000  ₽,м. Площадь революции,https://www.avito.ru/moskva/telefony/ayfon_6s_1080398437
iPhone 6s,20 000  ₽,м. Пятницкое шоссе,https://www.avito.ru/moskva/telefony/iphone_6s_1524322405
iPhone 6s,15 999  ₽,м. Царицыно,https://www.avito.ru/moskva/telefony/iphone_6s_1279070390
iPhone 6s,10 990  ₽,м. Курская,https://www.avito.ru/moskva/telefony/iphone_6s_1269043549
iPhone 6s,12 990  ₽,м. Курская,https://www.avito.ru/moskva/telefony/iphone_6s_1585110119
iPhone 6s 64gb белый,13 500  ₽,м. Хорошевская,https://www.avito.ru/moskva/telefony/iphone_6s_64gb_belyy_1707250355
iPhone 6s,15 000  ₽,м. Котельники,https://www.avito.ru/moskva/telefony/iphone_6s_1477517743
iPhone 6,9 490  ₽,м. Курская,https://www.avito.ru/moskva/telefony/iphone_6_1479250183
iPhone 6s,12 990  ₽,м. Курская,https://www.avito.ru/moskva/telefony/iphone_6s_1582023797
iPhone 6,9 790  ₽,м. Курская,https://www.avito.ru/moskva/telefony/iphone_6_1063150317
iPhone 6,10 000  ₽,м. Кантемировская,https://www.avito.ru/moskva/telefony/iphone_6_1013764282
iPhone 6s,9 990  ₽,м. Курская,https://www.avito.ru/moskva/telefony/iphone_6s_1588914744
iPhone 6,9 790  ₽,м. Курская,https://www.avito.ru/moskva/telefony/iphone_6_1045030432
iPhone 6,10 000  ₽,м. Теплый стан,https://www.avito.ru/moskva/telefony/iphone_6_1503249349
iPhone 6s 64gb Space Grey Ростест,14 990  ₽,м. Павелецкая,https://www.avito.ru/moskva/telefony/iphone_6s_64gb_space_grey_rostest_1586215735
iPhone 6s,20 000  ₽,м. Кунцевская,https://www.avito.ru/moskva/telefony/iphone_6s_1437652799
iPhone 6s,12 500  ₽,м. ВДНХ,https://www.avito.ru/moskva/telefony/iphone_6s_1474028952
iPhone 6,10 500  ₽,м. Коньково,https://www.avito.ru/moskva/telefony/iphone_6_1452988382
iPhone 6,6 000  ₽,м. Митино,https://www.avito.ru/moskva/telefony/iphone_6_1722849394
iPhone 6s,17 300  ₽,м. Автозаводская,https://www.avito.ru/moskva/telefony/iphone_6s_1480282505
Айфон 6 16gb серый космос,8 000  ₽,м. Таганская,https://www.avito.ru/moskva/telefony/ayfon_6_16gb_seryy_kosmos_990558662
iPhone 6,14 500  ₽,м. Щелковская,https://www.avito.ru/moskva/telefony/iphone_6_1288027488
iPhone 6s,14 000  ₽,м. Селигерская,https://www.avito.ru/moskva/telefony/iphone_6s_1325194154
iPhone 6s,13 000  ₽,м. Строгино,https://www.avito.ru/moskva/telefony/iphone_6s_1602050000
iPhone 6 6s 6+,10 500  ₽,м. Савеловская,https://www.avito.ru/moskva/telefony/iphone_6_6s_6_1528574519
iPhone 6,10 500  ₽,м. Улица Скобелевская,https://www.avito.ru/moskva/telefony/iphone_6_1099261265
iPhone 6S,9 000  ₽,м. Шоссе Энтузиастов,https://www.avito.ru/moskva/telefony/iphone_6s_1279014467
"iPhone 6s,6s+",9 000  ₽,м. Дубровка,https://www.avito.ru/moskva/telefony/iphone_6s6s_890045697
iPhone 6s,18 000  ₽,м. Молодежная,https://www.avito.ru/moskva/telefony/iphone_6s_1637468558
iPhone 6s+,15 000  ₽,м. Щелковская,https://www.avito.ru/moskva/telefony/iphone_6s_1085855604
iPhone 6s Plus 64Gb Gold,17 000  ₽,м. Бауманская,https://www.avito.ru/moskva/telefony/iphone_6s_plus_64gb_gold_1629941809
iPhone 6s Plus,22 990  ₽,м. Дубровка,https://www.avito.ru/moskva/telefony/iphone_6s_plus_1510312109
iPhone 6 Plus,13 990  ₽,м. Дубровка,https://www.avito.ru/moskva/telefony/iphone_6_plus_1366856686
